{"cameraMode":{"drawMode":0,"name":"Shaded","section":"Shading Mode"},"sceneLighting":false,"audioPlay":false,"sceneViewState":{"showFog":true,"showMaterialUpdate":false,"showSkybox":true,"showFlares":true,"showImageEffects":true,"showParticleSystems":true},"in2DMode":false,"pivot":{"x":326.00872802734377,"y":58.37254333496094,"z":655.0054321289063},"rotation":{"x":-0.03604754060506821,"y":0.9632859230041504,"z":-0.16964639723300935,"w":-0.204941526055336},"size":15.977280616760254,"orthographic":false}